Neuron1,Neuron2,BumpScore,Rank
n041_L_CA1_wire_3_cell_1,n097_R_CA1_wire_1_cell_1,66.00000000000001,1
n077_R_CA1_wire_4_cell_1,n109_R_CA3_wire_4_cell_1,50.547008547008545,2
n077_R_CA1_wire_4_cell_1,n097_R_CA1_wire_1_cell_1,49.999999999999986,3
n041_L_CA1_wire_3_cell_1,n077_R_CA1_wire_4_cell_1,49.81308411214953,4
n041_L_CA1_wire_3_cell_1,n109_R_CA3_wire_4_cell_1,49.52447552447552,5
n005_L_CA3_wire_2_cell_1,n041_L_CA1_wire_3_cell_1,48.189655172413794,6
n014_L_CA3_wire_4_cell_2,n041_L_CA1_wire_3_cell_1,46.55331412103747,7
n014_L_CA3_wire_4_cell_2,n077_R_CA1_wire_4_cell_1,42.50515463917526,8
n097_R_CA1_wire_1_cell_1,n109_R_CA3_wire_4_cell_1,42.0,9
n005_L_CA3_wire_2_cell_1,n109_R_CA3_wire_4_cell_1,41.28497409326425,10
n014_L_CA3_wire_4_cell_2,n109_R_CA3_wire_4_cell_1,40.82352941176471,11
n005_L_CA3_wire_2_cell_1,n077_R_CA1_wire_4_cell_1,39.2319391634981,12
n005_L_CA3_wire_2_cell_1,n097_R_CA1_wire_1_cell_1,35.60919540229886,13
n005_L_CA3_wire_2_cell_1,n014_L_CA3_wire_4_cell_2,20.446601941747577,14
n014_L_CA3_wire_4_cell_2,n097_R_CA1_wire_1_cell_1,19.81308411214954,15
